rating_id,rater,presence,relevance,support,notes
"r001","AK","True","primary","supports",""
"r002","AK","False","primary","supports",""
"r003","AK","True","primary","supports",""
"r004","AK","True","none","neutral",""
"r005","AK","True","primary","supports",""
"r006","AK","True","primary","supports",""
"r007","AK","True","primary","supports",""
"r008","AK","True","none","neutral",""
"r009","AK","True","none","neutral",""
"r010","AK","True","primary","supports",""
"r011","AK","True","primary","supports",""
"r012","AK","True","primary","supports",""
"r013","AK","True","none","neutral",""
"r014","AK","True","primary","supports",""
"r015","AK","True","primary","supports",""
"r016","AK","True","primary","supports",""
"r017","AK","True","none","neutral",""
"r018","AK","True","primary","supports",""
"r019","AK","True","primary","supports",""
"r020","AK","True","primary","contradicts",""
"r021","AK","True","primary","supports",""
"r022","AK","True","none","neutral",""
"r023","AK","True","none","neutral",""
"r024","AK","True","primary","supports",""
"r025","AK","True","primary","supports",""
"r026","AK","True","primary","supports",""
"r027","AK","True","none","neutral",""
"r028","AK","True","primary","supports",""
"r029","AK","True","none","neutral",""
"r030","AK","True","none","neutral",""
"r031","AK","True","none","neutral",""
"r032","AK","True","none","neutral",""
"r033","AK","True","primary","supports",""
"r034","AK","True","primary","supports",""
"r035","AK","True","none","neutral",""
"r036","AK","True","none","neutral",""
"r037","AK","True","none","neutral",""
"r038","AK","True","primary","supports",""
"r039","AK","True","none","neutral",""
"r040","AK","True","primary","supports",""
"r041","AK","True","primary","supports",""
"r042","AK","True","none","neutral",""
"r043","AK","True","primary","supports",""
"r044","AK","True","primary","supports",""
"r045","AK","True","primary","supports",""
"r046","AK","True","none","neutral",""
"r047","AK","True","none","neutral",""
"r048","AK","True","primary","supports",""
"r049","AK","True","primary","supports",""
"r050","AK","True","none","neutral",""
"r051","AK","True","primary","supports",""
"r052","AK","True","none","neutral",""
"r053","AK","True","primary","supports",""
"r054","AK","True","primary","supports",""
"r055","AK","True","primary","supports",""
"r056","AK","True","none","neutral",""
"r057","AK","True","primary","contradicts",""
"r058","AK","True","primary","supports",""
"r059","AK","True","none","neutral",""
"r060","AK","True","none","neutral",""
"r061","AK","True","primary","supports",""
"r062","AK","True","primary","supports",""
"r063","AK","True","none","neutral",""
"r064","AK","True","primary","supports",""
"r065","AK","True","primary","supports",""
"r066","AK","True","primary","supports",""
"r067","AK","True","secondary","neutral",""
"r068","AK","True","primary","supports",""
"r069","AK","True","primary","supports",""
"r070","AK","True","primary","supports",""
"r071","AK","True","primary","supports",""
"r072","AK","True","none","neutral",""
"r073","AK","True","primary","supports",""
"r074","AK","True","none","neutral",""
"r075","AK","True","primary","supports",""
"r076","AK","True","primary","supports",""
"r077","AK","True","primary","supports",""
"r078","AK","True","primary","supports",""
"r079","AK","True","secondary","supports",""
"r080","AK","True","primary","supports",""
"r081","AK","True","none","neutral",""
"r082","AK","True","none","neutral",""
"r083","AK","True","none","neutral",""
"r084","AK","True","primary","supports",""
"r085","AK","True","primary","supports",""
"r086","AK","True","none","neutral",""
"r087","AK","True","primary","supports",""
"r088","AK","True","secondary","supports",""
"r089","AK","True","none","neutral",""
"r090","AK","True","primary","supports",""
"r091","AK","True","primary","supports",""
"r092","AK","True","none","neutral",""
"r093","AK","True","none","neutral",""
"r094","AK","True","primary","supports",""
"r095","AK","True","primary","supports",""
"r096","AK","True","primary","supports",""
"r097","AK","True","primary","supports",""
"r098","AK","True","secondary","supports",""
"r099","AK","True","secondary","supports",""
"r100","AK","True","primary","supports",""
